product_id,product_name,category,discounted_price,actual_price,discount_percentage,rating,rating_count,about_product,user_id,user_name,review_id,review_title,review_content,img_link,product_link
B0BBVKRP7B,SHREENOVA ID116 Plus Bluetooth Fitness Smart Watch for Men Women and Kids Activity Tracker (Black),Electronics|WearableTechnology|SmartWatches,₹281,"₹1,999",86%,2.8,87,"✅ All-day activity tracking: Track steps, distance, calories burned, active minutes, you can check daily activity and time on OLED display or APP|✅ NOTE- NO CALLING FEATURE-You will receive only notification to See Calls & Messages on Your Wrist: Receive/Rejection call, calendar, SMS and SNS (Facebook, WhatsApp, LinkedIn, Instagram, and Twitter) notifications on display, fitness tracker band let you never miss the messages that matter.|✅ NOTE-This fitness band will only work after installing fitness band application from play store.TO set time of watch you have to install fitness band application.YOU will receive bar code pls scan it to download the application. Switch ON bluetooth and location whlie connecting fitness band from app. Dont connect band directly with Bluetooth u need to connect it from APP.|✅ NOTE -Charger is not available with this watch it has in built usb port remove the strap of watch carefully than u can see usb port which u can attach easily with any laptop,pc,mobile charges to charge. For Any Product Issue Please Contact Us Through Buyer Massage Please Install Any One App From Play Store for the device App Name FIT PRO","AHSYI7EUDN2RNS2IPMGAS5MKLXPQ,AHHLJNBYVOGQSFG2Q4UMMRU3V3UA,AFC7PJA3XS6MHXYAUF3JZDHDUZWQ,AFL6U5G4P2KLLZU4HCOXES7ME2CQ,AFSSRLUEWTKDHYSAS36MDQQPYTKA,AG5UBF32OIHPW42GLXLBS4QOKKVA,AHLGMGTL6FSAFU2INPKH5ISUODTQ,AFL2ZLTGQ64RMXKWRI7QSA3457GQ","dk yadav,MUKESH KUMAR VERMA,Vishnu,Shaikh Shahalam,sushilkumar dubey,Roshan Narendra Raut,Deepak thakur,Aappashaeb Barsale","RQOWF9MFTN6CQ,R23B5JORWWE85P,R3SB0VOD36AXI0,R21GGYJ4354Q5J,R2L4513I3EHE9T,R1PKO3C46KVSKW,R2MGVNOXZZ1BWP,R2IYFCFPLPOX6C","Very Good prodat,Battery life is 0 day,Good,Where is switch on button?,Saman kharab hai,Do not purchase totally waste of time and money.,Bhot Gandhi h ye watch,Good 👍 nice","Good Prodat,Battery life is so bad.,Nice product,Dislike product also not return its only replacement,,Iska tauch kaam nahi kar raha hai aur kewal mobile adoptot se charge karne par on dikh raha phir turat band ho ja raha hai.ise wapas karna hai.,पहिल्या दिवसापासूनच ती वॉच ऑन होत नाही. चार्ज केले तरी पण ऑन होत नाही. पुर्णपणे third class वॉच पाठविली Amazon ने. दिवसेंदिवस Amazon ची सर्व्हिस आणि प्रॉडक्ट bad होत चाललेले दिसत आहे.,Bhot Jada ghatia h h,All the products are very good working there is no any issue till now.",https://m.media-amazon.com/images/I/41lnTFZGz9L._SX300_SY300_QL70_ML2_.jpg,https://www.amazon.in/SHREENOVA-Bluetooth-Fitness-Activity-Tracker/dp/B0BBVKRP7B/ref=sr_1_338?qid=1672895850&s=electronics&sr=1-338
B0B53DS4TF,"Instant Pot Air Fryer, Vortex 2QT, Touch Control Panel, 360° EvenCrisp™ Technology, Uses 95 % less Oil, 4-in-1 Appliance: Air Fry, Roast, Bake, Reheat (Vortex 1.97Litre, Black)",Home&Kitchen|Kitchen&HomeAppliances|SmallKitchenAppliances|DeepFatFryers|AirFryers,"₹4,995","₹20,049",75%,4.8,"3,964","VOLTAGE (230 Volts): Instant Vortex Air Fryer 1.9 Litre is designed as per Indian Electrical Power 230 V - 50 Hz|FREE HOME INSTALLATION & FREE HOME SERVICE: We, at INSTANT BRANDS, are committed to ""Keep Customers Interest Ahead of All."" Feel free to contact Customer Care at 1800 123 2700 for Demonstration, Installation and Service Requirement.|SMART ALL-IN-1 FUNCTIONALITY: Air fry, Roast, Bake and Reheat.|WORLD OF POSSIBILITIES: Make French Fries, Samosas, Kabab/Cutlet, Chicken Nuggets, Corn Cheese Balls, Banana Chips, Cakes/muffins and much more!|GUILT-FREE FOOD WITH 95% LESS OIL: With EVENCRISP TECHNOLOGY Instant Air Fryer delivers all the crunch and tenderness of deep-frying with 95% less oil.|EvenCrisp TECHNOLOGY: Advanced technology that drives air flow top down for a perfect golden finish and crispy, tender results every time!|ONE-TOUCH DIGITAL PANEL: The Digital Touch Panel consists of 6 cooking functions, Air Fry, Broil, Roast, Dehydrate, Reheat and Bake along with cooking time and temperature settings.","AGXJAYXZKJ6NCPSLX57MXJLQ3F6Q,AEQYSJWBP6DN2IV2LDP4XVNI4FBQ,AGNHWTOCLPVNZ56CWEF3QQI25ROA,AHC4JPWEXYM3O4YAKYIJZ5CAUOVQ,AECXWRKH4W4B73UW5IAHDTBZYTBQ,AEU6W4IG5BLXZ5XJ23PYFQKXYHSA,AGY4IRMJHF35GY44YCTUVQAEIJ2Q,AHVMCHCWTUWBKE4WYBY27MBIQ32A","nikhil,Rituja Ray,Prasan Krishnan Karthikeyan,Amazon Customer,Georgy Mathew,Vikas Kakkar,KANNAN P,Placeholder","R2FHIBV8JE4CTB,R315K0BCU0KVKO,RD129PA7KQQOR,R3BTQPGZLTN48E,RH0STL2LKD7N5,RVNS9SRGUWUT3,R25CXUY1Y74QGF,R1SIGI0M0INPVB","Loved it,Good product,Good product,It's easy to use.,Fine product,Awesome Product,Nice product & user friendly,Correct size and easy to use.","I have used multiple air fryers. But this one is best and value for money,Good product and a excellent demo was given by Manikandan on video call.However we returned this to get a higher version of this.,It's a good product, worth the money. The virtual installation and demo given by Manikandan was very helpful and made it easy to use.,Easy to use. Easy to clean. Easy to maintain. Good product. Value for money must recommend to everyone. Thanks a lot.,This airfryer as expected is an alternative for people who hate deep frying and oil less food. Not only that Instant pot could be better than other airfryers out in the market.Manikandan gave a demo of the product. Thank you,Very Good explanation about product and it's function then  safety precautions and clarify our doubts by Manikandan and this demo was very useful to us.,Nice product & user friendly, got video session for demo & installation given today by Zafar. He explained all the options very well & ready to support even after demo. I am giving 5 star for product & installation.,This Airfryer is most satisfying,compact,not over sized and easy to clean.I was worried it will be too large.worth the cost.",https://m.media-amazon.com/images/W/WEBP_402378-T1/images/I/313WfOy8VSL._SX300_SY300_QL70_FMwebp_.jpg,https://www.amazon.in/Instant-Vortex-2QT-EvenCrispTM-Technology/dp/B0B53DS4TF/ref=sr_1_316?qid=1672923609&s=kitchen&sr=1-316
B07JW9H4J1,"Wayona Nylon Braided USB to Lightning Fast Charging and Data Sync Cable Compatible for iPhone 13, 12,11, X, 8, 7, 6, 5, iPad Air, Pro, Mini (3 FT Pack of 1, Grey)",Computers&Accessories|Accessories&Peripherals|Cables&Accessories|Cables|USBCables,₹399,"₹1,099",64%,4.2,"24,269","High Compatibility : Compatible With iPhone 12, 11, X/XsMax/Xr ,iPhone 8/8 Plus,iPhone 7/7 Plus,iPhone 6s/6s Plus,iPhone 6/6 Plus,iPhone 5/5s/5c/se,iPad Pro,iPad Air 1/2,iPad mini 1/2/3,iPod nano7,iPod touch and more apple devices.|Fast Charge&Data Sync : It can charge and sync simultaneously at a rapid speed, Compatible with any charging adaptor, multi-port charging station or power bank.|Durability : Durable nylon braided design with premium aluminum housing and toughened nylon fiber wound tightly around the cord lending it superior durability and adding a bit to its flexibility.|High Security Level : It is designed to fully protect your device from damaging excessive current.Copper core thick+Multilayer shielding, Anti-interference, Protective circuit equipment.|WARRANTY: 12 months warranty and friendly customer services, ensures the long-time enjoyment of your purchase. If you meet any question or problem, please don't hesitate to contact us.","AG3D6O4STAQKAY2UVGEUV46KN35Q,AHMY5CWJMMK5BJRBBSNLYT3ONILA,AHCTC6ULH4XB6YHDY6PCH2R772LQ,AGYHHIERNXKA6P5T7CZLXKVPT7IQ,AG4OGOFWXJZTQ2HKYIOCOY3KXF2Q,AENGU523SXMOS7JPDTW52PNNVWGQ,AEQJHCVTNINBS4FKTBGQRQTGTE5Q,AFC3FFC5PKFF5PMA52S3VCHOZ5FQ","Manav,Adarsh gupta,Sundeep,S.Sayeed Ahmed,jaspreet singh,Khaja moin,Anand,S.ARUMUGAM","R3HXWT0LRP0NMF,R2AJM3LFTLZHFO,R6AQJGUP6P86,R1KD19VHEDV0OR,R3C02RMYQMK6FC,R39GQRVBUZBWGY,R2K9EDOE15QIRJ,R3OI7YT648TL8I","Satisfied,Charging is really fast,Value for money,Product review,Good quality,Good product,Good Product,As of now seems good","Looks durable Charging is fine tooNo complains,Charging is really fast, good product.,Till now satisfied with the quality.,This is a good product . The charging speed is slower than the original iPhone cable,Good quality, would recommend,https://m.media-amazon.com/images/W/WEBP_402378-T2/images/I/81---F1ZgHL._SY88.jpg,Product had worked well till date and was having no issue.Cable is also sturdy enough...Have asked for replacement and company is doing the same...,Value for money",https://m.media-amazon.com/images/W/WEBP_402378-T2/images/I/51UsScvHQNL._SX300_SY300_QL70_FMwebp_.jpg,https://www.amazon.in/Wayona-Braided-WN3LG1-Syncing-Charging/dp/B07JW9H4J1/ref=sr_1_33?qid=1672902996&s=computers&sr=1-33
B098NS6PVG,"Ambrane Unbreakable 60W / 3A Fast Charging 1.5m Braided Type C Cable for Smartphones, Tablets, Laptops & other Type C devices, PD Technology, 480Mbps Data Sync, Quick Charge 3.0 (RCT15A, Black)",Computers&Accessories|Accessories&Peripherals|Cables&Accessories|Cables|USBCables,₹199,₹349,43%,4.0,"43,994","Compatible with all Type C enabled devices, be it an android smartphone (Mi, Samsung, Oppo, Vivo, Realme, OnePlus, etc), tablet, laptop (Macbook, Chromebook, etc)|Supports Quick Charging (2.0/3.0)|Unbreakable – Made of special braided outer with rugged interior bindings, it is ultra-durable cable that won’t be affected by daily rough usage|Ideal Length – It has ideal length of 1.5 meters which is neither too short like your typical 1meter cable or too long like a 2meters cable|Supports maximum 3A fast charging and 480 Mbps data transfer speed|6 months manufacturer warranty from the date of purchase","AECPFYFQVRUWC3KGNLJIOREFP5LQ,AGYYVPDD7YG7FYNBXNGXZJT525AQ,AHONIZU3ICIEHQIGQ6R2VFRSBXOQ,AFPHD2CRPDZMWMBL7WXRSVYWS5JA,AEZ346GX3HJ4O4XNRPHCNHXQURMQ,AEPSWFPNECKO34PUC7I56ITGXR6Q,AHWVEHR5DYLVFTO2KF3IZATFQSWQ,AH4QT33M55677I7ISQOAKEQWACYQ","ArdKn,Nirbhay kumar,Sagar Viswanathan,Asp,Placeholder,BharanI,sonia,Niam","RGIQEG07R9HS2,R1SMWZQ86XIN8U,R2J3Y1WL29GWDE,RYGGS0M09S3KY,R17KQRUTAN5DKS,R3AAQGS6HP2QUK,R1HDNOG6TO2CCA,R3PHKXYA5AFEOU","A Good Braided Cable for Your Type C Device,Good quality product from ambrane,Super cable,As,Good quality,Good product,its good,Good quality for the price but one issue with my unit","I ordered this cable to connect my phone to Android Auto of car. The cable is really strong and the connection ports are really well made. I already has a Micro USB cable from Ambrane and it's still in good shape. I connected my phone to the car using the cable and it got connected well and no issues. I also connected it to the charging port and yes it has Fast Charging support.,It quality is good at this price and the main thing is that i didn't ever thought that this cable will be so long it's good one and charging power is too good and also supports fast charging,Value for money, with extra length👍,Good, working fine,Product quality is good,Good,very good,Bought for my daughter's old phone.Brand new cable it was not charging, I already repacked and requested for replacement.I checked again, and there was some green colour paste/fungus inside the micro USB connector. I cleaned with an alcoholic and starts working again.Checked the ampere of charging speed got around 1400ma-1500ma - not bad, came with braided 1.5m long cable, pretty impressive for the price.Can't blame the manufacturer.But quality issues by the distributor, they might have stored in very humid place.",https://m.media-amazon.com/images/W/WEBP_402378-T2/images/I/31zOsqQOAOL._SY445_SX342_QL70_FMwebp_.jpg,https://www.amazon.in/Ambrane-Unbreakable-Charging-Braided-Cable/dp/B098NS6PVG/ref=sr_1_41?qid=1672902996&s=computers&sr=1-41
B096MSW6CT,"Sounce Fast Phone Charging Cable & Data Sync USB Cable Compatible for iPhone 13, 12,11, X, 8, 7, 6, 5, iPad Air, Pro, Mini & iOS Devices",Computers&Accessories|Accessories&Peripherals|Cables&Accessories|Cables|USBCables,₹199,"₹1,899",90%,3.9,"7,928","【 Fast Charger& Data Sync】-With built-in safety proctections and four-core copper wires promote maximum signal quality and strength and enhance charging & data transfer speed with up to 480 mb/s transferring speed.|【 Compatibility】-Compatible with iPhone 13, 12,11, X, 8, 7, 6, 5, iPad Air, Pro, Mini & iOS devices.|【 Sturdy & Durable】-The jacket and enforced connector made of TPE and premium copper, are resistant to repeatedly bending and coiling.|【 Ultra High Quality】: According to the experimental results, the fishbone design can accept at least 20,000 bending and insertion tests for extra protection and durability. Upgraded 3D aluminum connector and exclusive laser welding technology, which to ensure the metal part won't break and also have a tighter connection which fits well even with a protective case on and will never loose connection.|【 Good After Sales Service】-Our friendly and reliable customer service will respond to you within 24 hours ! you can purchase with confidence,and every sale includes a 365-day worry-free Service to prove the importance we set on quality.","AGU3BBQ2V2DDAMOAKGFAWDDQ6QHA,AESFLDV2PT363T2AQLWQOWZ4N3OA,AHTPQRIMGUD4BYR5YIHBH3CCGEFQ,AEUVWXYP5LT7PZLLZENEO2NODPBQ,AHC7MPW55DOO6WNCOQVA2VHOD26A,AFDI6FRPFBTNBG7BAEB7JDJSMKDQ,AFQKCEEEKXCOHTDG4WUN3XPPHJQQ,AHKUUFNMBZIDLSSPA4FEHIO2EC7Q","Kunal,Himanshu,viswanath,sai niharka,saqib malik,Aashiq,Ramu Challa,Sanjay gupta","R3J3EQQ9TZI5ZJ,R3E7WBGK7ID0KV,RWU79XKQ6I1QF,R25X4TBMPY91LX,R27OK7G99VK0TR,R207CYDCHJJTCJ,R3PCU8XMU173BT,R1IMONDOWRNU5V","Good speed for earlier versions,Good Product,Working good,Good for the price,Good,Worth for money,Working nice,it's a really nice product","Not quite durable and sturdy,https://m.media-amazon.com/images/W/WEBP_402378-T1/images/I/71rIggrbUCL._SY88.jpg,Working good,https://m.media-amazon.com/images/W/WEBP_402378-T1/images/I/61bKp9YO6wL._SY88.jpg,Product,Very nice product,Working well,It's a really nice product",https://m.media-amazon.com/images/W/WEBP_402378-T1/images/I/31IvNJZnmdL._SY445_SX342_QL70_FMwebp_.jpg,https://www.amazon.in/Sounce-iPhone-Charging-Compatible-Devices/dp/B096MSW6CT/ref=sr_1_3?qid=1672909124&s=electronics&sr=1-3
B07KSMBL2H,"AmazonBasics Flexible Premium HDMI Cable (Black, 4K@60Hz, 18Gbps), 3-Foot","Electronics|HomeTheater,TV&Video|Accessories|Cables|HDMICables",₹219,₹700,69%,4.4,"4,26,973","Flexible, lightweight HDMI cable for connecting media devices to playback display such as HDTVs, projectors, and more|Compatible with Blu-Ray players, computers, Apple TV, Roku, cable, PS4, Xbox One, and other HDMI-compatible devices|Solid copper conductors and full metal jacket shielding for durability and high-performance connectivity|Supports Ethernet, 3D, 4K video and Audio Return Channel (ARC) and meets the latest HDMI standards|Supports bandwidth up to 18Gbps and is backwards compatible with earlier versions|Includes a 3 foot cable","AEYJ5I6JZZPOJB6MGWRQOHRQLPSQ,AFY5TVFOMVHGBPBTIJODYDQRZM5Q,AE3O6366WGEQAANKJ76QETTUQQTQ,AEQIJCPWSBCDKUO5VROXXHWX3PPA,AGVIAQK2HQ47P7UVXHW2NBAEU7YQ,AE3D5CJ2GDUP5SQ3AAYMVAGDTX7A,AH77IQRYD54XCRMCO7XEAIAYCLPA,AEA2HQHMFG3ZGJFOLLJQ65WKIZUQ","Rishav Gossain,Shashank Mallamraju,Purnendu,gunasekaran desomayananam,Anto RK,Sukrit Basak,Manoj Kumar,Sethuram.S","R1FKOKZ3HHKJBZ,R2WNMZI1EXTA0H,RCA1M3W4RIXUR,R3BKCLL6D7ZLIX,REVSR0ILY3547,R15W5KMQB95IV5,R10PB68FRUHT5V,R3TLCE9JSBU3UP","It's quite good and value for money,Works well,Hdmi cable,Value for money,All good,Gets the job done,Delivery was good,This one was my need to purchase","I am using it for 14 days now. The experience is pretty good as of now. Picture quality is also not bad. Don't expect something out of the world at this price point. But you can go for it if you have a tight budget.,Initial impressions: works as said, glad I didn’t go for cheaper options (not that it’s too costly) just plug and play. Will update if it screws up,The hdmi cable is good to watch movie,sports and its gives better quality while connecting your laptop with TV and play 🎮.I loved it,Works as expected. Length of the cable is short and it was mentioned also satisfied my requirement. If you need more length better look other options.,All good,It's the best HDMI cable at this price range. No problems yet. Just go for it !!,I was expecting this to be delivered on time and it was delivered on time.Product is good as i have tried other cables and wires from Amazon basica brand.,Good one",https://m.media-amazon.com/images/I/41nPYaWA+ML._SY300_SX300_.jpg,https://www.amazon.in/AmazonBasics-Flexible-HDMI-Cable-3-Foot/dp/B07KSMBL2H/ref=sr_1_14?qid=1672909124&s=electronics&sr=1-14
B076B8G5D8,Boya ByM1 Auxiliary Omnidirectional Lavalier Condenser Microphone with 20ft Audio Cable (Black),MusicalInstruments|Microphones|Condenser,₹798,"₹1,995",60%,4.0,"68,664","BOYA BY-M1 is an omni directional microphone, perfect for video|Designed for Smartphones, DSLR, Camcorders ,Audio recorders, PC etc.|The microphone features an Omni pickup pattern, for full, 360-degree|Using the microphone: For Smartphone Switch off the microphone Slide the ON/OFF up to OFF/Smartphone The power is shut down. For DSLR, Camcorders, Audio recorders, PC ect Switch on the microphone. Slide the ON/OFF up to ON|For use with the Lavalier Microphone on Action Cameras customers are requested to purchase ""TRRS to TRS Adapter"" then only it would work|power_source_type: battery powered","AHB43CZ4RHLJ5S6CBOWX6MEI7J4Q,AF3XMPDSQQDSRN2PG5NGPECLPRDQ,AHQF77NZIRBV6LQMO6VEC6O5FL4Q,AFIKD3VY6WOYWPMJUTELWZAXHIXQ,AH6NJEFXD5ISMZJQICGKAZPQQGWQ,AGQS2PKNNCEBXCPSYKOO4I2DGZNQ,AEMACSBSMT4WLJPLOKIWGFJLJJEQ,AH2MIHS2WTWM7R5DFWRUZVTYK7TQ","Sameer Patil,Ashish s.,Harshal Kothari,Govinda,Arjun Ram,Amazon Customer,swapnil,Sk Sahanur Ali","R1ZSCBBOGJ8VB,R2JXWEENFMSBAQ,R1TOMRGD2ASPF,R1PFE2ODTMG96C,R1C5A0KYEKBKJJ,R1IYLE1NMK9R12,R3IS14LK5OVU68,R2727E10ZHH72K","DETAILED REVIEW with Best settings for better Sound output !!!,Worth if you know how to use and what to use it for.,Good for non-professional recordings,Buy this and start creating content for your youtube.,Long cable should be optional.... it's too long else good mic for beginners on YT,Working as expected,Nice product,Good 👍","NOTE :@ Its ready to go Mic, which doesn't need any sound card and can be plugged and used directly even with smartphones.* Has 3.5mm jack connector built in, you can use 1/4' connector if needed.@ It has very Long cable which measures upto 20 feet, so note that.@ It has absolutely NO noise isolation and normal smartphone earphones does better job of noise reduction compared to them in STOCK condition, but with SIMPLE EDITING this mic works just fine ( Check the review below for detailed settings )There are literally thousands of review on this product, but NONE explained the best possible settings for it when used with smartphone with Audacity software, or even in general. So I took the risk of ordering it and it turned out to be nightmare right out of the box, as the sound output was worse than my smartphone earphones. So I went to search for best settings on amazon & other sources but in vain. Fortunately I myself in experiments found the solution and now its working just fine.First I am mentioning all the pros and cons considering the settings that I found and then listing those settings,PROS :-------1. Built quality of the complete mic and cable is good for the price given.2. Length of cable is insane (20 feet).* I personally didn't find it useful, as I use it with my smartphone which is just couple of feet below in my pockets, but for some users it can be very useful if using in rig setup with Camera.3. Has universal 3.5mm jack, which is handy.4. Its easy to use, just plug and play device, which doesn't need any sound card or external device to work.5. Has support for multiple device right from smartphones to DSLRs and computers.6. It comes with carry pouch which is very handy, since its a mess with such long cables.CONS :--------1. Biggest con is the sound quality right out of the box. Its just garbage quality and even normal ears can't bear the background noise collection, so forget about audiophiles. My normal smartphone's earphones record much better sound quality compared to this.2. Length of cable is way too much for me and I guess for many users. I think there should have being multiple option on length to choose from, as keeping 20 feet cable wrapped and hanging or in pocket while recording is not comfortable.3. It comes with a button cell for recording sound for devices other than smartphone and there's NO way to know whether the battery is dead or what's its charging level. Only way to check is by plugging it to a digital recorder or computer and test. So if you are carrying it with recorder which doesn't has playback feature or if you are in hurry and in case of dead battery to record all the sound, then only way to find that your efforts are in vain will be when you comfortably sit to edit it and trust me, its very frustrating ! I am mentioning, it as this scenario have happened with me once, hence I am very cautious about batteries now & use it with smartphones or digital recorders.4. I think price should have being couple of hundred bucks less, considering the sound quality.BEST SETTING USING AUDACITY SOFTWARE :===================================These are the settings when you record with smartphone or any other device and there are lots of background noises and you use Audacity software, which is Free !1. Open the software and open the audio file you recorded with this mic.2. Select entire audio clip and open ""Effects"" and then "" DISTORTION ""3. Start the playback of audio clip in the software, so you can listen to change in effects that you are about to make.4.Now select "" Distortion Type "" option on the top of box and select "" Soft Clipping "".* or select "" Hard Limiter "" and do the settings as it sounds suitable to you.5. Take the ""Clipping Level cursor to extreme Right end or so until you hear soft pleasant output.6. Adjust the ""Make-up Gain"" cursor little bit if needed, I keep it on 49.* Here you can select which ever type, which you feel is suitable for you.7. Now just click "" APPLY "".8. Now is Noise reduction. For that Select short section of audio which DOES NOT have your voice, but ONLY has background noises that you don't want.9. Open ""Effects"" and then "" Noise Reduction ""10. Click on "" Get Noise Profile"".11. Now select entire audio clip and again Open ""Effects"" and then "" Noise Reduction "".12. Finally, click on "" OK "" and that's it !Now you are good to go with soft, slightly lesser Noises and more pleasant sound output. After these steps, you can amplify the sound from same software or any other end user software.VERDICT :-----------I personally am very disappointed with the sound quality, though the audacity tweaking gets it to bearable level, but its satisfactory enough. Plus price seems slightly more on this. I wouldn't recommend these are someone looking good sound quality specially if you live in noisy environment. Buy this only if you live in very silent conditions.,It's not great or best out there for beginners but good-I use a budget mid-range phone and the boya mic is better than in built mic of phone. record it in WAV format, it's good.-You gotta use software/apps to pull the best of this, like audacity or some other editing app.-It's pretty long and that's good as you can extend the cable to a good distance say if u r connecting it to the camera on a tripod.-Overall it's decent for beginners. I see high-end phones have good recording capabilities, but if you have a budget phone, then this one is deal.,Microphone looks very well built, it supports both phones and cameras. There are some phones that does not support external mic, please check before buying as one of my phone did not support it.They claim noise cancellation, however, I did not notice major difference it also captures great amount of noise, only cancellation is because of foam padding around the microphone. I could not observe noise cancellation, at least, while recording on phone.Overall package is well bundled, wire quality is decent, however the dongle quality is excellent, even the small clip to hold the microphone feels solid.,Wire is to long but good if quality of wire is improve in future then 5 stars from me but now 4 star good sound low price 1 star - for wire quality but over all a nice product.☆☆☆☆,I think It's good for online teaching like I do...But yeah some problems like very long cable length I mean someone might need but it should be optional.... or detachable price of the Mic itself is not much anywaysI am okay with this mic for sometime... until I am sure I need quality Rode mic to upgrade...,Don't expect noice cancellation under this budget but audio recording quality is very good.,Nice product,Decent",https://m.media-amazon.com/images/I/41UYenF+lnL._SX300_SY300_.jpg,https://www.amazon.in/Boya-Omnidirectional-Lavalier-Condenser-Microphone/dp/B076B8G5D8/ref=sr_1_32?qid=1672902996&s=computers&sr=1-32
B07KCMR8D6,Classmate Octane Neon- Blue Gel Pens(Pack of 5)|Smooth Writing Pen|Attractive body colour for Boys & Girls|Waterproof ink for smudge free writing|Preferred by Students for Exam|Study at home essential,"OfficeProducts|OfficePaperProducts|Paper|Stationery|Pens,Pencils&WritingSupplies|Pens&Refills|GelInkRollerballPens",₹50,₹50,0%,4.3,"5,792",5 vibrant Neon body color|Smooth and fast writing|Japanese waterproof ink|Country of Origin: India,"AEVPRYZLGHNMEZA5BYGIX36LYZXA,AEZPOZQEEBFFXZ2EQUYJI4VIQILA,AE4FRP3D6KIQG7H3GP436GUD52VQ,AGIUJI423LLZ56YOUAQ5NEYLFVEA,AGGT6VCILAXDI3NPIFAKXBGDYVQA,AHYLFL4VWQ2J4OOZXMEPISX5G64A,AHONFHGWU5UFOW2K622LL7B26M3Q,AETTZUILIPB5I7FQ272YUGEJ4SNQ","Gatij saini,Biswajit Kundu,Altaf Khan,Agam Saran,Dinesh Jain,Isha Singhal,Nilofar Adeni,Ramkumar Dharra","RZAAQFY7BDSWC,R3604ZO2AA4PK5,R3C8K6Z6W9MDTQ,R38163YROZHHFG,RDXE4NC3K02IY,R2BG3LFIR1DRUP,R1AA1L9EH743MV,R1Q23Z4DE0QT8Q","Nice ball pen,Good product,Average,Nice Pen,It's a good product,Smooth,It's writing like flowing silk.,good produced","Very nice ball pen,Thank you Amazon,Easy to hold but not water resistant. Can say value for money,Kids like the colours and are very fond of writing with it,The product is good, and my son likes it.....,Loved the product, very smooth and apt colour of inkMust go product,It's writing like flowing silk.,buy......",https://m.media-amazon.com/images/W/WEBP_402378-T2/images/I/414BHyTttvL._SX300_SY300_QL70_FMwebp_.jpg,https://www.amazon.in/Classmate-Octane-Neon-Pack-5/dp/B07KCMR8D6/ref=sr_1_35?qid=1672902996&s=computers&sr=1-35
B00N1U9AJS,"3M Scotch Double Sided Heavy Duty Tape(1m holds 4.5Kgs) for indoor hanging applications (Photo frames, Mirrors, Key Holders, Car Interiors, Extension Boards, Wall decoration, etc)(L: 3m, W: 24mm)",Home&Kitchen|CraftMaterials|Scrapbooking|Tape,₹130,₹165,21%,3.9,"14,778","Sticks to most surfaces includingwalls, ceramic tiles and wood-surfacesthat are clean, dry and smooth#.|A no-mess alternative to glue forlight-duty attaching andmounting tasks.|Ideal for permanent mounting tasks.","AGXGYUPGIFDGD6LPTVB2XVE7JWNA,AH2ZUPRKPAFHMLFBVWD26PDVJK4Q,AGAXCWBSPZUPB6GKZKHS3WDT52YA,AHJBGHHXDRA7M5MKCLYLYDNWSURA,AGS35GMYV4YBWSINMHG7KX6VCX5A,AFX2CQSR3SBHOJQWQHBLDIHQG3RA,AEEE77EDIHNXZHXAC77EGZGKGSLQ,AH64TGKPMKB5SNT76NT4ZDNF5YEA","Amit Shrivastava,Sikandar kunar,INSTALL INTO PC,Sourabh,prakash,Arjun AK,Surendra Sawant,Subrahmanya Udupa","R2U4L5Y1EI2L9P,R17YBU9W32A30N,R29OI40B53G6UK,R3LHAFK1QLQHX,RQXZDM0PKSCMS,RKN5ISCXXFA4B,R2V6JCQJ8NFGYI,RAH387U1B1AFN","Good Quality adhesive, easy to use,Good,good product,Good product,Ok on walls,Very good,Good to use,Very nice.","Quality of adhesive is very good. I used it to stick photo canvas on wall and it worked well.,Good kwality,i dont tell this product totally good.but i believe this item 75 % good.,Good product,Holds good on walls but not in wood works .,Sticks well.. Holds fair amount of weight..,Good and usefull,Very nice.",https://m.media-amazon.com/images/W/WEBP_402378-T2/images/I/41BeawIQB5L._SX300_SY300_QL70_FMwebp_.jpg,https://www.amazon.in/Scotch-Double-Foam-Tape-24/dp/B00N1U9AJS/ref=sr_1_36?qid=1672902996&s=computers&sr=1-36
B07WKBD37W,"ESnipe Mart Worldwide Travel Adapter with Build in Dual USB Charger Ports with 125V 6A, 250V Protected Electrical Plug for Laptops, Cameras (White)",HomeImprovement|Electrical|Adapters&Multi-Outlets,₹425,₹999,57%,4.0,"2,581","[SLOW CHARGING] Input: 100-240W / Output: 100-240W 6A MAX / Tear Off the Plastic Film From Surface Before Use|Dual USB Ports DC5V 1A 10W, Work with All Phones and Laptop Cameras,Indoor Use Only.|Accepts Plugs From More 150 Countries with USA/EU/UK/AU/CHINA/JAPAN Plugs,Equipped with Built-in Safety Shutters,Include 1x Universal Adapter / 1x Instruction in English and Chinese (Cable Not Included)|Different Input Plugs Tightly Connect into 1 Adapter, Equipped with Built-in Safety Shutters|This Charger Adapter Plug Converts the Power Outlet Only, It Does Not Convert Electrical Output Current and Voltage","AGNE5T4E7SEMJUDM4COI6JBNJQBQ,AES63PZGZP33ZVO55CCO2WYML7NQ,AHQYGDH4CNFRYRTPCENNJNJHULTQ,AEMDF6YAXYO7WQUIAFGEULA7NWWQ,AFDV4H4KLTJ55TV4USUXZQ3SM47A,AHHGXR7CKVXIJ2ZT7XLLXW4DK7DQ,AEBMBHYSJBU324NU4URUAU4RHB2A,AEYMLF2UAU4DY2LCCDIDPFEIAAAA","Ehsan Ul Haq,Abhishek rajput,Nishant Malik,ruhi a.,jasmitha,Sunil W.,B. Bibo,monyag","R186EFJU37UPS6,R2KC2H7A99Y8J6,R25FE16IQR653P,R1Q6E8EBLHDKEC,RNH0MZ907JI2S,R18J8NK2242FA2,RC7ZMZ000I0FQ,R3LF4N05QHM907","Material not worth,Stable for use,Overall product is good,Durable, travel friendly,Adapter,Useful product for international travellers,Doubtful for Durability and sturdiness,very good product","I can say costly, although it can do the job,I like the modal and size,,i bought this one year ago, just reviewing now, i carried this to Europe and UK. It's still working good. very good product.,my adapter fallen from charging point its not working,Useful product for international travellers but a little in the expensive side,Quality of the product is not upto the mark, I have uploaded some pictures pls guys check this before you buy.,very good product verified the purchase",https://m.media-amazon.com/images/I/31w-19-3fSL._SY300_SX300_QL70_FMwebp_.jpg,https://www.amazon.in/ESnipe-Mart-Worldwide-Protected-Electrical/dp/B07WKBD37W/ref=sr_1_242?qid=1672903007&s=computers&sr=1-242
B00DJ5N9VK,Faber-Castell Connector Pen Set - Pack of 25 (Assorted),Toys&Games|Arts&Crafts|Drawing&PaintingSupplies|ColouringPens&Markers,₹150,₹150,0%,4.3,"15,867",Simply draw and color or clip these pens together to construct interesting models|Contains 40% more ink and lasts longer|Child safe-food-grade ink,"AE5D3EMPETKIA4VU4SZU5UIHXKQA,AFF76KWKCMR6GNPUXKEBO3N5YTZA,AEXM7ZELXVFNAKRTVDJ5RAK42KRQ,AHYHKNM6SBOIEHGTSR3YR4QMEZMQ,AHYDPSGRW6OTHG2H7LYZVV6SHZ4Q,AGQQ5W4LCISBHXT54SYYCIS75C2Q,AGLAQV6LP4AXJCMGURQX3OUNTYJQ,AHTBXGFU2EAF5DIC3PT2MVAN2BFA","Aradhna Aadhya,sonali ghosh,Sam,VGRK,Surfer007,Lovely,Arun sharma,Maria","R39PYNXMLNEIYW,R3AMNR0LJWNAUU,R2P5M80U8OL9OQ,R6IL66UV4Q64X,R1T1HIPZYE4LDI,R387TYNEGM23O8,R337P06I7YZ3FT,R2MI5HSUR25XG2","As this was my 2nd order for same product.2nd time jo product aaya uski packing bahut hi kharab thi.,Looks cool and variety of colors.,Good product,very colourfull,Budget friendly,Good one,The are easy to use and are comfortable,Good buy during sale","Torn packing.dekhne me product used lg rha tha,I bought this color pen set for the first time and absolutely loved it. What I like the most is how easy is to keep because of the connector. The color options are neatly wide, and I like it. I would say though it's not very smooth of you use it for color filling, it does get smudge if you double coat it. So, there you have to be careful and also you can't order just one, it has to be two set minimum to be delivered. Thats the drawback. Otherwise, it's good overall.,Eays to use for kids above 6 years,simply good,The connectors provided help to keep all the pens together. These are fine tipped pens and hence can be used for mandala designs. Just remember not to overlap and colour as this may leave a smudge.,Colour pay off is good....In this price great product,It's good for beginnersThe best part about these are that they can connect so they are easy to carry them.,Good buy for the price during discount. Not used it yet as it's for my niece.",https://m.media-amazon.com/images/I/41rJGx-w9iL._SX300_SY300_QL70_FMwebp_.jpg,https://www.amazon.in/Faber-Castell-Connector-Pen-Set-Assorted/dp/B00DJ5N9VK/ref=sr_1_381?qid=1672903013&s=computers&sr=1-381
B0912WJ87V,"Reffair AX30 [MAX] Portable Air Purifier for Car, Home & Office | Smart Ionizer Function | H13 Grade True HEPA Filter [Internationally Tested] Aromabuds Fragrance Option - Black",Car&Motorbike|CarAccessories|InteriorAccessories|AirPurifiers&Ionizers,"₹2,339","₹4,000",42%,3.8,"1,118","[NEW LAUNCH - INNOVATIVE DESIGN] EFFICIENT PURIFICATION TECHNOLOGY - Reffair AX30 has the tapered design with an H13 HEPA filter and Smart Negative Ions feature which makes this device perform better and it comes with an effective CADR of 16.2 m³/h. AX30 is Re-designed in the year 2021, especially for Indian market conditions.|TESTED & RELIABLE PERFORMANCE - Reffair AX30 is tested successfully in many international laboratories and assures you peace of mind with reliable purification performance. WIDE APPLICATION - Reffair AX30 is portable and lightweight which makes it easier to use at various locations like home, office, small room, desktop, or inside the car.|HIGH GRADE FILTER - HEPA filters are most trusted and widely used for air purification needs in the world because they provide the best purification results. Reffair AX30 is equipped with H13 HEPA FILTER which can efficiently remove 99.97% of dust, pollen, cigarette smoke, odors, mold spores, and pet dander. It is suitable for those who suffer from allergies, cough, sneezing, and for the entire family who loves to travel together.|100% SAFE TO USE - Many car air purifiers & Ionizers come with built-in non-certified batteries which expose the car to the risk of fire & also cause regular battery drain problems. Reffair AX30 has no battery inside which means that the product is safer to use even at higher temperatures. ENERGY EFFICIENT - It is rated highly energy-efficient product and consumes up to 70% less energy than ionizers hence keeping your car batteries safe from draining out faster.|AFTER-SALES SUPPORT - Reffair AX30 comes with a one-year limited warranty from the date of purchase. In case if you face any problem with our product, please contact us before leaving any review. Our friendly customer care team is always ready to enhance your product experience. Filter life is up to 6 months and Authentic Reffair replacement filter is always available at B0912LC8R9 (ASIN).","AG6W5HESRSDLBX3NCYOOUGFOWERA,AED4U5CF37HVSYPMD6KUP3YPH36A,AGUHDV5GZZQ53BGLNLV654IPDASQ,AEDMXTLZRXBSPPDRYIN6PAGXFXCA,AEVBIVJJCIRYJRR7G47DFT6SFBAA,AF65HJXCS64PXG5GMEBZOLVCZSPQ,AE5CGWMRDJN6NMXZ5XH74X2GIRNQ,AEDVMC3DUI5UUVQ43C4XLLZJGWUA","Arivazhagan,Ajit,swanand pandit,Venkatesh S.,Shubham Sharma,arun chaturvedi,Amazon Customer,sanket","R3TOOFPX256D59,R1PR50BDQOEIIO,R392FI4QWXWOX5,R85UZWVZHVWQF,R67DCS6U6YAX1,R1D0FB7K1UOFSJ,R24HHC45FGAWV3,R26PXJ8P5Q5FHH","Liked it,User friendly and effective,Not as per expected,Worth buying for cars which doesn't have inbuilt filter,It works really well...AX30MAX is what we all need..!!,Air purification is awesome,Excelent product for the Prize you pay,Dont expect much","As of now its working fine, but don't expect more like this is not dust remove effective way but I liked it. Let see the durability,Very easy to install and effective in my hatchback.Can be swapped between cars as well,It does not suck the air dust or small particles which are part of dust. Fail to understand how will it purify the airProduct is physically working good. But not meeting the cause of purifying the air.,Use to get headache after long drives early ,After using this product no smell in the car and feels fresh air , it removes odour smell as well,,Product quality is good & value for money product.. highly recommend,I have been using this for more than a month now. It is quite silent, simple and dose its work eficiently. My son always hated AC since he felt nauseating in the car especially when the windows are up and AC is on. Since I started using this air purifier he is very comfortable. I too feel the difference inside the car. Thanks Reffair for bringing such a nice product and this attractive prize.,Its Ok Ok product but don't expect much",https://m.media-amazon.com/images/W/WEBP_402378-T2/images/I/31y+z3bqZcL._SY300_SX300_.jpg,https://www.amazon.in/Reffair-AX30-MAX-Internationally-Aromabuds/dp/B0912WJ87V/ref=sr_1_164?qid=1672923598&s=kitchen&sr=1-164
B07BKSSDR2,Dr Trust Electronic Kitchen Digital Scale Weighing Machine (Blue),Health&PersonalCare|HomeMedicalSupplies&Equipment|HealthMonitors|WeighingScales|DigitalBathroomScales,₹899,"₹1,900",53%,4,"3,663","Tare function: It comes with tare function which allows you to measure the weight of all ingredients separately after adding one after another without having to remove the previous ingredients. It also allows user to cancel out the weight of the container in which the ingredients are measured ; NOTE: Place your weighing machine on flat surface to get an accurate results|Measure weight up to 5 kg: equipped with high precision measurement sensors (accu gauge), the device meets your precise weighing requirements every single time. its weighing capacity is 1g to 5kg with unit shuffling feature between g/lb: oz and ml/fl: oz|Comes with a bpa free bowl: it comes with a bpa free detachable and lightweight bowl which complements well with the machine. you can flip the bowl over on top of the scale to save space during storage. Product Weight: 406 gm|Measurement units can be converted: it can display weight in a lot of units of measurement. you can easily convert units between pounds (lb), ounces (oz) and grams (g). also it has two volume unit systems ml and fl’oz|Low battery indicator: dr trust electronic kitchen weighing scale comes with low battery indicators that allow the user to replace the battery before it shuts down|Auto off function: auto off function feature turns off the scale automatically when it is left idle for few minutes which helps to prevent the wastage of batteries|Easy to use and store: it is convenient to use and store. it is compact and can be easily placed on the kitchen counter. also it is easy to move from one place to another","AG22QSZIES6VEC3IVAGKQD4N7WHA,AHFGWOU2ANAHIK6VUKI267DZO5PQ,AE7JCA7MTQHV6XTNF2NQFH5DG6KQ,AHKW2FPVJKYDYZOTMPDW4CIXUHLA","Jagdeep,imtiaz dhalech,Simple Person,Neha Naik","R3KLZUQCUHHOAX,R2QQZX4QI5G707,R2PMOA0FRZQJH8,R1Z7A1FJINTOUW","Design Optimised for Functionality, Durability & Battery life!,Nice,**HIGHLY PRECISE IN MEASURING**ACCU GAUGE SENSORS**CONVERTS UNIT AFTER MEASURING ALSO**HAS TARE, AUTO-OFF, OVERLOAD INDICATOR**,It worked good for one year. Now only grams are shown.litres option is not operated.","This is aesthetically the most appealing Digital Kitchen scale out of the available choices. Though it is also by far the most expensive, it is value for money considering the followig pros:1. Functionality: It has only two touch buttons which integrate all the functions like Units of weight & volume, multiple tare & weigh with overload indication, and off/on; It can give volume idications for water and milk, two of the most frequently used liquids, while other liquids can be also measured if a glass of water is calibrated for a certain volume, say 100 ml ad same is marked on the glass; The plastic food grade bowl fits snugly on the scale and also doubles up as a cover when the scale is not in use2. Duraility: Because of its squat oblong shape and sure footing, the scale wont topple. Also, since bowl fits snugly on the scale upside down when the scale is not being used, it prevents dust from entering the display and buttons; material is tough plastic with a recessed top which seats the bowl firmly and there is no exposed space for ingress of any spilt liquid, With all this, theres a one year warranty extendable to two years, which speaks about the confidence of the manufacturers in their own design3. Battery Life: The device has an auto power off and a digital display which consumes very less power. Hence battery is likely to last longer.I only encountered two cons:1. Scale is very sensitive and takes some time to settle2. The display backlight goes away after some time and the lcd reading is difficult to read in bright ambient light.Overall, this device serves my purpose of practical diet management very efficiently and effectively and am sure it will grow on me. Recommended if you want to get much more utility and eficiency at a slightly higher price.,Litt to adjust all time,,Ok. Price wise it didn't last long",https://m.media-amazon.com/images/I/41csvHnDvES._SX300_SY300_QL70_FMwebp_.jpg,https://www.amazon.in/Dr-Trust-Electronic-Kitchen-Weighing/dp/B07BKSSDR2/ref=sr_1_265?qid=1672923605&s=kitchen&sr=1-265
B08HDJ86NZ,"boAt Deuce USB 300 2 in 1 Type-C & Micro USB Stress Resistant, Tangle-Free, Sturdy Cable with 3A Fast Charging & 480mbps Data Transmission, 10000+ Bends Lifespan and Extended 1.5m Length(Martian Red)",Computers&Accessories|Accessories&Peripherals|Cables&Accessories|Cables|USBCables,₹329,₹699,53%,4.2,"94,363","The boAt Deuce USB 300 2 in 1 cable is compatible with smartphones, tablets, PC peripherals, Bluetooth speakers, power banks and all other devices with Type-C as well as Micro USB port|It ensures 3A fast charging and data transmissions with rapid sync at 480 mbps|The premium Nylon braided skin makes it sturdy and invincible against external damage|Its Aluminium alloy shell housing makes it last longer with 10000+ Bends Lifespan with extended frame protection for strain relief|The resilient and flexible design offers a tangle free experience seamlessly|Deuce USB 300 cable offers a perfect 1.5 meters in length for smooth & hassle-free user experience|2 years warranty from the date of purchase","AEWAZDZZJLQUYVOVGBEUKSLXHQ5A,AG5HTSFRRE6NL3M5SGCUQBP7YSCA,AH725ST5NW2Y4JZPKUNTIJCUK2BA,AHV3TXIFCJPMS4D5JATCEUR266MQ,AGWIGDEMFIIUAOXYY2QATNBSUGHA,AFSTSLQUV4EVEXWKBOLEFHL2H5YQ,AGAKDNBHY2FKX7I4ACRGILU7QL7A,AFNWJUWJRHCC6HN52KMG5AKZY37Q","Omkar dhale,JD,HEMALATHA,Ajwadh a.,amar singh chouhan,Ravi Siddan,Himanshu Goel,Udaykumar","R3EEUZKKK9J36I,R3HJVYCLYOY554,REDECAZ7AMPQC,R1CLH2ULIVG5U3,R2DMKIBGFKBD6R,RC89B5IAJUTR5,R3B3DDON5FH8DS,R13WAEJDI5RS36","Good product,Good one,Nice,Really nice product,Very first time change,Good,Fine product but could be better,Very nice it's charging like jet","Good product,long wire,Charges good,Nice,I bought this cable for Rs.339 worthy product for this price, i tested it in various charger adapters 33w and 18w it supports fast charging as well.,Good,Ok,I had got this at good price on sale on Amazon and product is useful with warranty but for warranty you need to go very far not practical for such a cost and mine micro to type c connector stopped working after few days only.,I like this product",https://m.media-amazon.com/images/I/41V5FtEWPkL._SX300_SY300_QL70_FMwebp_.jpg,https://www.amazon.in/Deuce-300-Resistant-Tangle-Free-Transmission/dp/B08HDJ86NZ/ref=sr_1_4?qid=1672909124&s=electronics&sr=1-4
